STATE,STATENAME,ST_CASE,VEH_NO,PVEHICLESF,PVEHICLESFNAME
1,Alabama,10060,2,0,None Noted
1,Alabama,10060,3,0,None Noted
1,Alabama,10067,2,0,None Noted
1,Alabama,10067,3,0,None Noted
1,Alabama,10088,2,0,None Noted
1,Alabama,10116,2,0,None Noted
1,Alabama,10116,3,0,None Noted
1,Alabama,10156,2,0,None Noted
1,Alabama,10313,3,0,None Noted
1,Alabama,10383,2,0,None Noted
1,Alabama,10428,2,0,None Noted
1,Alabama,10445,2,0,None Noted
1,Alabama,10465,2,0,None Noted
1,Alabama,10475,2,0,None Noted
1,Alabama,10506,2,0,None Noted
1,Alabama,10544,2,0,None Noted
1,Alabama,10550,2,0,None Noted
1,Alabama,10554,2,0,None Noted
1,Alabama,10643,2,0,None Noted
1,Alabama,10643,3,0,None Noted
1,Alabama,10643,4,0,None Noted
1,Alabama,10724,2,0,None Noted
1,Alabama,10745,2,0,None Noted
1,Alabama,10816,3,0,None Noted
1,Alabama,10819,4,0,None Noted
1,Alabama,10900,2,0,None Noted
2,Alaska,20044,2,0,None Noted
4,Arizona,40080,4,0,None Noted
4,Arizona,40176,2,0,None Noted
4,Arizona,40193,2,0,None Noted
4,Arizona,40246,2,0,None Noted
4,Arizona,40461,2,0,None Noted
4,Arizona,40464,2,0,None Noted
4,Arizona,40600,2,0,None Noted
4,Arizona,40641,2,0,None Noted
4,Arizona,40792,2,0,None Noted
4,Arizona,40838,3,0,None Noted
4,Arizona,40938,2,0,None Noted
4,Arizona,41037,2,0,None Noted
4,Arizona,41037,3,0,None Noted
4,Arizona,41069,2,0,None Noted
4,Arizona,41122,2,0,None Noted
4,Arizona,41142,2,0,None Noted
5,Arkansas,50070,3,0,None Noted
5,Arkansas,50070,4,0,None Noted
5,Arkansas,50267,2,0,None Noted
5,Arkansas,50300,3,0,None Noted
5,Arkansas,50367,2,0,None Noted
5,Arkansas,50460,2,0,None Noted
5,Arkansas,50466,1,0,None Noted
5,Arkansas,50525,1,0,None Noted
5,Arkansas,50592,2,0,None Noted
6,California,60150,2,0,None Noted
6,California,60166,2,0,None Noted
6,California,60180,2,0,None Noted
6,California,60184,2,0,None Noted
6,California,60258,2,0,None Noted
6,California,60295,3,0,None Noted
6,California,60338,2,0,None Noted
6,California,60352,2,0,None Noted
6,California,60380,3,0,None Noted
6,California,60412,2,0,None Noted
6,California,60473,2,0,None Noted
6,California,60483,2,0,None Noted
6,California,60488,2,0,None Noted
6,California,60503,3,0,None Noted
6,California,60506,2,0,None Noted
6,California,60506,3,0,None Noted
6,California,60513,2,0,None Noted
6,California,60519,2,0,None Noted
6,California,60555,2,0,None Noted
6,California,60556,2,0,None Noted
6,California,60561,2,0,None Noted
6,California,60595,3,0,None Noted
6,California,60600,2,0,None Noted
6,California,60622,2,0,None Noted
6,California,60659,2,0,None Noted
6,California,60672,2,0,None Noted
6,California,60678,3,0,None Noted
6,California,60707,3,0,None Noted
6,California,60707,4,0,None Noted
6,California,60707,5,0,None Noted
6,California,60726,2,0,None Noted
6,California,60741,2,0,None Noted
6,California,60755,3,0,None Noted
6,California,60759,2,0,None Noted
6,California,60774,3,0,None Noted
6,California,60774,4,0,None Noted
6,California,60778,2,0,None Noted
6,California,60790,2,0,None Noted
6,California,60790,3,0,None Noted
6,California,60793,2,0,None Noted
6,California,60793,3,0,None Noted
6,California,60825,2,0,None Noted
6,California,60838,2,0,None Noted
6,California,60864,2,0,None Noted
6,California,60924,2,0,None Noted
6,California,60938,2,0,None Noted
6,California,60948,2,0,None Noted
6,California,60993,2,0,None Noted
6,California,60993,3,0,None Noted
6,California,60993,4,0,None Noted
6,California,60993,5,0,None Noted
6,California,61022,3,0,None Noted
6,California,61022,4,0,None Noted
6,California,61022,5,0,None Noted
6,California,61075,2,0,None Noted
6,California,61079,2,0,None Noted
6,California,61086,2,0,None Noted
6,California,61101,2,0,None Noted
6,California,61131,2,0,None Noted
6,California,61158,2,0,None Noted
6,California,61165,2,0,None Noted
6,California,61165,3,0,None Noted
6,California,61221,2,0,None Noted
6,California,61221,3,0,None Noted
6,California,61234,2,0,None Noted
6,California,61262,2,0,None Noted
6,California,61270,3,0,None Noted
6,California,61287,2,0,None Noted
6,California,61330,2,0,None Noted
6,California,61358,2,0,None Noted
6,California,61358,3,0,None Noted
6,California,61396,2,0,None Noted
6,California,61396,3,0,None Noted
6,California,61396,4,0,None Noted
6,California,61396,5,0,None Noted
6,California,61396,6,0,None Noted
6,California,61398,2,0,None Noted
6,California,61413,2,0,None Noted
6,California,61496,2,0,None Noted
6,California,61503,3,0,None Noted
6,California,61509,2,0,None Noted
6,California,61517,2,0,None Noted
6,California,61517,3,0,None Noted
6,California,61517,4,0,None Noted
6,California,61517,5,0,None Noted
6,California,61550,3,0,None Noted
6,California,61568,2,0,None Noted
6,California,61569,2,0,None Noted
6,California,61569,3,0,None Noted
6,California,61615,3,0,None Noted
6,California,61622,2,0,None Noted
6,California,61623,4,0,None Noted
6,California,61623,5,0,None Noted
6,California,61651,3,0,None Noted
6,California,61658,2,0,None Noted
6,California,61658,3,0,None Noted
6,California,61658,4,0,None Noted
6,California,61658,5,0,None Noted
6,California,61701,2,0,None Noted
6,California,61750,3,0,None Noted
6,California,61750,4,0,None Noted
6,California,61764,2,0,None Noted
6,California,61764,3,0,None Noted
6,California,61778,2,0,None Noted
6,California,61871,3,0,None Noted
6,California,61878,3,0,None Noted
6,California,61878,4,0,None Noted
6,California,61881,2,0,None Noted
6,California,61881,3,0,None Noted
6,California,61881,4,0,None Noted
6,California,61881,5,0,None Noted
6,California,61887,2,0,None Noted
6,California,61946,2,0,None Noted
6,California,62028,2,0,None Noted
6,California,62036,2,0,None Noted
6,California,62036,3,0,None Noted
6,California,62042,3,0,None Noted
6,California,62043,3,0,None Noted
6,California,62089,2,0,None Noted
6,California,62091,2,0,None Noted
6,California,62098,2,0,None Noted
6,California,62098,3,0,None Noted
6,California,62115,2,0,None Noted
6,California,62130,2,0,None Noted
6,California,62143,2,0,None Noted
6,California,62211,3,0,None Noted
6,California,62243,2,0,None Noted
6,California,62254,2,0,None Noted
6,California,62255,2,0,None Noted
6,California,62263,2,0,None Noted
6,California,62282,2,0,None Noted
6,California,62314,3,0,None Noted
6,California,62340,2,0,None Noted
6,California,62342,2,0,None Noted
6,California,62347,2,0,None Noted
6,California,62347,3,0,None Noted
6,California,62358,2,0,None Noted
6,California,62473,3,0,None Noted
6,California,62478,2,0,None Noted
6,California,62493,2,0,None Noted
6,California,62493,4,0,None Noted
6,California,62513,2,0,None Noted
6,California,62547,2,0,None Noted
6,California,62621,2,39,"Highway Construction, Maintenance, or Utility Vehicle, In Transport (Inside or Outside Workzone)"
6,California,62648,2,0,None Noted
6,California,62692,2,0,None Noted
6,California,62739,2,0,None Noted
6,California,62750,2,0,None Noted
6,California,62750,3,0,None Noted
6,California,62750,4,0,None Noted
6,California,62829,2,0,None Noted
6,California,62881,2,0,None Noted
6,California,62885,2,0,None Noted
6,California,62886,2,0,None Noted
6,California,62942,2,0,None Noted
6,California,62948,2,0,None Noted
6,California,62992,2,0,None Noted
6,California,62992,3,0,None Noted
6,California,62992,4,0,None Noted
6,California,62992,5,0,None Noted
6,California,62995,2,0,None Noted
6,California,63026,2,0,None Noted
6,California,63036,2,39,"Highway Construction, Maintenance, or Utility Vehicle, In Transport (Inside or Outside Workzone)"
6,California,63045,3,0,None Noted
6,California,63045,4,0,None Noted
6,California,63052,2,0,None Noted
6,California,63054,8,0,None Noted
6,California,63054,9,0,None Noted
6,California,63064,2,0,None Noted
6,California,63097,2,0,None Noted
6,California,63097,3,0,None Noted
6,California,63129,2,0,None Noted
6,California,63132,2,0,None Noted
6,California,63132,3,0,None Noted
6,California,63132,4,0,None Noted
6,California,63132,5,0,None Noted
6,California,63143,3,0,None Noted
6,California,63143,4,0,None Noted
6,California,63145,3,0,None Noted
6,California,63145,4,0,None Noted
6,California,63145,5,0,None Noted
6,California,63145,6,0,None Noted
6,California,63156,2,0,None Noted
6,California,63168,2,0,None Noted
6,California,63171,3,0,None Noted
6,California,63171,4,0,None Noted
6,California,63201,3,0,None Noted
6,California,63201,4,0,None Noted
6,California,63201,5,0,None Noted
6,California,63201,6,0,None Noted
6,California,63201,7,0,None Noted
6,California,63201,8,0,None Noted
6,California,63201,9,0,None Noted
6,California,63205,2,0,None Noted
6,California,63208,2,0,None Noted
6,California,63208,3,0,None Noted
6,California,63228,2,0,None Noted
6,California,63237,3,0,None Noted
6,California,63238,3,0,None Noted
6,California,63238,4,0,None Noted
6,California,63238,5,0,None Noted
6,California,63238,6,0,None Noted
6,California,63239,2,0,None Noted
6,California,63286,2,0,None Noted
6,California,63310,2,0,None Noted
6,California,63310,3,0,None Noted
6,California,63320,2,0,None Noted
6,California,63324,2,0,None Noted
6,California,63342,2,0,None Noted
6,California,63359,2,0,None Noted
6,California,63377,3,0,None Noted
6,California,63377,4,0,None Noted
6,California,63390,2,0,None Noted
6,California,63395,2,0,None Noted
6,California,63444,3,0,None Noted
6,California,63444,4,0,None Noted
6,California,63455,2,0,None Noted
6,California,63471,2,0,None Noted
6,California,63478,3,0,None Noted
6,California,63478,4,0,None Noted
6,California,63490,2,0,None Noted
6,California,63536,2,0,None Noted
6,California,63578,2,0,None Noted
6,California,63582,2,0,None Noted
6,California,63595,2,0,None Noted
6,California,63595,3,0,None Noted
6,California,63600,2,0,None Noted
6,California,63600,3,0,None Noted
6,California,63653,2,0,None Noted
6,California,63653,3,0,None Noted
6,California,63701,2,0,None Noted
6,California,63705,3,0,None Noted
6,California,63705,4,0,None Noted
6,California,63705,5,0,None Noted
6,California,63706,3,0,None Noted
6,California,63718,3,0,None Noted
6,California,63750,4,0,None Noted
6,California,63760,3,0,None Noted
6,California,63760,4,0,None Noted
6,California,63760,5,0,None Noted
6,California,63768,2,0,None Noted
6,California,63773,2,0,None Noted
6,California,63773,3,0,None Noted
6,California,63779,3,0,None Noted
6,California,63779,4,0,None Noted
6,California,63782,2,0,None Noted
6,California,63787,2,0,None Noted
6,California,63787,3,0,None Noted
6,California,63789,2,0,None Noted
6,California,63799,2,0,None Noted
6,California,63835,2,0,None Noted
6,California,63838,2,0,None Noted
6,California,63843,3,0,None Noted
6,California,63865,3,0,None Noted
6,California,63898,2,0,None Noted
6,California,63929,2,0,None Noted
6,California,63954,2,0,None Noted
6,California,63954,3,0,None Noted
6,California,63988,2,0,None Noted
6,California,64004,2,0,None Noted
6,California,64004,3,0,None Noted
6,California,64004,4,0,None Noted
6,California,64004,5,0,None Noted
6,California,64004,6,0,None Noted
6,California,64009,2,0,None Noted
6,California,64023,2,0,None Noted
6,California,64023,3,0,None Noted
6,California,64103,3,0,None Noted
6,California,64117,5,0,None Noted
6,California,64140,2,0,None Noted
6,California,64220,2,0,None Noted
6,California,64225,3,0,None Noted
6,California,64225,4,0,None Noted
6,California,64231,2,0,None Noted
6,California,64255,2,35,Reconstructed/Altered Vehicle
6,California,64257,3,0,None Noted
6,California,64257,4,0,None Noted
6,California,64273,2,0,None Noted
8,Colorado,80001,2,0,None Noted
8,Colorado,80001,3,0,None Noted
8,Colorado,80034,2,0,None Noted
8,Colorado,80074,2,0,None Noted
8,Colorado,80115,3,0,None Noted
8,Colorado,80223,2,0,None Noted
8,Colorado,80244,2,0,None Noted
8,Colorado,80305,2,0,None Noted
8,Colorado,80305,3,0,None Noted
8,Colorado,80305,4,0,None Noted
8,Colorado,80322,2,0,None Noted
8,Colorado,80397,2,0,None Noted
8,Colorado,80439,2,0,None Noted
8,Colorado,80445,2,0,None Noted
8,Colorado,80503,2,0,None Noted
8,Colorado,80524,2,0,None Noted
8,Colorado,80526,2,0,None Noted
8,Colorado,80664,2,0,None Noted
8,Colorado,80664,3,0,None Noted
8,Colorado,80665,2,0,None Noted
9,Connecticut,90042,1,0,None Noted
9,Connecticut,90042,2,42,"Other Working Vehicle (Not Construction, Maintenance, Utility, Police, Fire, or EMS Vehicle)"
9,Connecticut,90063,1,0,None Noted
9,Connecticut,90111,3,0,None Noted
9,Connecticut,90154,3,0,None Noted
9,Connecticut,90179,1,0,None Noted
9,Connecticut,90179,2,0,None Noted
9,Connecticut,90250,3,0,None Noted
9,Connecticut,90295,2,0,None Noted
9,Connecticut,90295,3,0,None Noted
9,Connecticut,90295,4,0,None Noted
9,Connecticut,90295,5,0,None Noted
9,Connecticut,90295,6,0,None Noted
9,Connecticut,90295,7,0,None Noted
9,Connecticut,90316,2,0,None Noted
9,Connecticut,90324,3,0,None Noted
9,Connecticut,90329,1,0,None Noted
10,Delaware,100012,3,0,None Noted
10,Delaware,100015,2,0,None Noted
10,Delaware,100066,2,0,None Noted
10,Delaware,100074,2,0,None Noted
10,Delaware,100099,1,0,None Noted
10,Delaware,100145,1,0,None Noted
11,District of Columbia,110003,3,0,None Noted
11,District of Columbia,110003,4,0,None Noted
11,District of Columbia,110003,5,0,None Noted
11,District of Columbia,110003,6,0,None Noted
11,District of Columbia,110004,2,0,None Noted
11,District of Columbia,110022,2,0,None Noted
11,District of Columbia,110028,3,0,None Noted
12,Florida,120042,3,0,None Noted
12,Florida,120111,2,0,None Noted
12,Florida,120127,2,0,None Noted
12,Florida,120127,3,0,None Noted
12,Florida,120156,3,0,None Noted
12,Florida,120161,3,0,None Noted
12,Florida,120235,2,0,None Noted
12,Florida,120350,2,0,None Noted
12,Florida,120350,3,0,None Noted
12,Florida,120357,2,0,None Noted
12,Florida,120419,2,0,None Noted
12,Florida,120419,3,0,None Noted
12,Florida,120439,2,0,None Noted
12,Florida,120453,3,0,None Noted
12,Florida,120459,2,0,None Noted
12,Florida,120495,2,0,None Noted
12,Florida,120513,3,0,None Noted
12,Florida,120513,4,0,None Noted
12,Florida,120541,2,0,None Noted
12,Florida,120571,2,0,None Noted
12,Florida,120584,3,0,None Noted
12,Florida,120584,4,0,None Noted
12,Florida,120584,5,0,None Noted
12,Florida,120588,2,0,None Noted
12,Florida,120588,3,0,None Noted
12,Florida,120588,4,0,None Noted
12,Florida,120588,5,0,None Noted
12,Florida,120635,2,0,None Noted
12,Florida,120695,2,0,None Noted
12,Florida,120798,2,0,None Noted
12,Florida,120808,2,0,None Noted
12,Florida,120823,2,0,None Noted
12,Florida,120885,3,0,None Noted
12,Florida,120885,4,0,None Noted
12,Florida,120885,5,0,None Noted
12,Florida,120885,6,0,None Noted
12,Florida,120885,7,0,None Noted
12,Florida,120885,8,0,None Noted
12,Florida,120885,9,0,None Noted
12,Florida,120885,10,0,None Noted
12,Florida,120885,11,0,None Noted
12,Florida,120885,12,0,None Noted
12,Florida,120942,2,0,None Noted
12,Florida,121011,2,0,None Noted
12,Florida,121012,3,0,None Noted
12,Florida,121048,3,0,None Noted
12,Florida,121056,2,0,None Noted
12,Florida,121056,3,0,None Noted
12,Florida,121056,4,0,None Noted
12,Florida,121184,2,0,None Noted
12,Florida,121222,2,0,None Noted
12,Florida,121244,2,0,None Noted
12,Florida,121244,3,0,None Noted
12,Florida,121244,4,0,None Noted
12,Florida,121244,5,0,None Noted
12,Florida,121244,6,0,None Noted
12,Florida,121244,7,0,None Noted
12,Florida,121244,8,0,None Noted
12,Florida,121244,9,0,None Noted
12,Florida,121244,10,0,None Noted
12,Florida,121244,11,0,None Noted
12,Florida,121255,3,0,None Noted
12,Florida,121283,2,0,None Noted
12,Florida,121288,2,0,None Noted
12,Florida,121354,2,0,None Noted
12,Florida,121451,2,0,None Noted
12,Florida,121452,2,0,None Noted
12,Florida,121452,3,0,None Noted
12,Florida,121475,4,0,None Noted
12,Florida,121498,3,0,None Noted
12,Florida,121638,2,0,None Noted
12,Florida,121643,3,0,None Noted
12,Florida,121643,4,0,None Noted
12,Florida,121646,2,0,None Noted
12,Florida,121900,3,0,None Noted
12,Florida,121910,3,0,None Noted
12,Florida,121917,1,0,None Noted
12,Florida,121917,2,0,None Noted
12,Florida,121933,2,0,None Noted
12,Florida,121933,3,0,None Noted
12,Florida,122001,2,0,None Noted
12,Florida,122007,3,0,None Noted
12,Florida,122053,3,0,None Noted
12,Florida,122160,5,0,None Noted
12,Florida,122160,6,0,None Noted
12,Florida,122182,2,0,None Noted
12,Florida,122257,2,0,None Noted
12,Florida,122397,2,0,None Noted
12,Florida,122397,3,0,None Noted
12,Florida,122397,4,0,None Noted
12,Florida,122405,2,0,None Noted
12,Florida,122599,3,0,None Noted
12,Florida,122612,3,0,None Noted
12,Florida,122641,2,0,None Noted
12,Florida,122643,2,0,None Noted
12,Florida,122704,2,0,None Noted
12,Florida,122704,3,0,None Noted
12,Florida,122704,4,0,None Noted
12,Florida,122737,2,0,None Noted
12,Florida,122759,3,0,None Noted
12,Florida,122851,6,0,None Noted
12,Florida,122873,2,0,None Noted
12,Florida,122964,2,41,"Police, Fire, or EMS Vehicle Working at the Scene of an Emergency or Performing Other Traffic Control Activities"
12,Florida,122964,3,0,None Noted
12,Florida,123014,2,0,None Noted
12,Florida,123024,2,0,None Noted
12,Florida,123024,3,0,None Noted
12,Florida,123039,2,0,None Noted
12,Florida,123046,2,0,None Noted
12,Florida,123145,2,0,None Noted
12,Florida,123191,2,0,None Noted
12,Florida,123277,2,0,None Noted
12,Florida,123331,3,0,None Noted
12,Florida,123370,2,0,None Noted
12,Florida,123411,2,0,None Noted
12,Florida,123486,2,0,None Noted
12,Florida,123490,3,0,None Noted
12,Florida,123490,4,0,None Noted
12,Florida,123516,2,0,None Noted
13,Georgia,130002,2,0,None Noted
13,Georgia,130116,2,0,None Noted
13,Georgia,130193,2,0,None Noted
13,Georgia,130311,2,0,None Noted
13,Georgia,130385,2,0,None Noted
13,Georgia,130424,3,0,None Noted
13,Georgia,130437,3,0,None Noted
13,Georgia,130446,2,0,None Noted
13,Georgia,130596,2,0,None Noted
13,Georgia,130737,2,0,None Noted
13,Georgia,130825,2,0,None Noted
13,Georgia,130829,2,0,None Noted
13,Georgia,130927,2,0,None Noted
13,Georgia,130927,3,0,None Noted
13,Georgia,130929,2,0,None Noted
13,Georgia,130929,3,0,None Noted
13,Georgia,131044,2,0,None Noted
13,Georgia,131055,2,0,None Noted
13,Georgia,131119,2,0,None Noted
13,Georgia,131147,2,0,None Noted
13,Georgia,131173,3,0,None Noted
13,Georgia,131192,2,0,None Noted
13,Georgia,131192,3,0,None Noted
13,Georgia,131192,4,0,None Noted
13,Georgia,131350,2,0,None Noted
13,Georgia,131356,2,0,None Noted
13,Georgia,131458,2,0,None Noted
13,Georgia,131634,2,0,None Noted
13,Georgia,131669,2,0,None Noted
13,Georgia,131692,2,0,None Noted
15,Hawaii,150021,2,0,None Noted
15,Hawaii,150021,3,0,None Noted
15,Hawaii,150021,4,0,None Noted
15,Hawaii,150021,5,0,None Noted
15,Hawaii,150021,6,0,None Noted
15,Hawaii,150030,2,0,None Noted
15,Hawaii,150044,2,0,None Noted
15,Hawaii,150046,2,0,None Noted
15,Hawaii,150056,4,0,None Noted
15,Hawaii,150114,2,0,None Noted
16,Idaho,160046,2,0,None Noted
16,Idaho,160178,2,0,None Noted
17,Illinois,170002,2,42,"Other Working Vehicle (Not Construction, Maintenance, Utility, Police, Fire, or EMS Vehicle)"
17,Illinois,170067,2,0,None Noted
17,Illinois,170067,3,0,None Noted
17,Illinois,170072,2,0,None Noted
17,Illinois,170077,2,0,None Noted
17,Illinois,170145,2,0,None Noted
17,Illinois,170145,3,0,None Noted
17,Illinois,170298,2,0,None Noted
17,Illinois,170332,2,0,None Noted
17,Illinois,170334,2,0,None Noted
17,Illinois,170357,2,0,None Noted
17,Illinois,170382,2,0,None Noted
17,Illinois,170383,2,0,None Noted
17,Illinois,170414,2,0,None Noted
17,Illinois,170439,2,42,"Other Working Vehicle (Not Construction, Maintenance, Utility, Police, Fire, or EMS Vehicle)"
17,Illinois,170439,4,42,"Other Working Vehicle (Not Construction, Maintenance, Utility, Police, Fire, or EMS Vehicle)"
17,Illinois,170481,2,0,None Noted
17,Illinois,170500,2,0,None Noted
17,Illinois,170523,2,0,None Noted
17,Illinois,170539,2,0,None Noted
17,Illinois,170550,2,0,None Noted
17,Illinois,170580,3,0,None Noted
17,Illinois,170580,4,0,None Noted
17,Illinois,170598,3,0,None Noted
17,Illinois,170598,4,0,None Noted
17,Illinois,170598,5,0,None Noted
17,Illinois,170634,2,0,None Noted
17,Illinois,170766,2,0,None Noted
17,Illinois,170778,2,0,None Noted
17,Illinois,170865,3,0,None Noted
17,Illinois,170865,4,0,None Noted
17,Illinois,170865,5,0,None Noted
17,Illinois,170865,6,0,None Noted
17,Illinois,170880,2,0,None Noted
17,Illinois,170890,4,0,None Noted
17,Illinois,170898,2,0,None Noted
17,Illinois,170921,2,0,None Noted
17,Illinois,170921,3,0,None Noted
17,Illinois,170923,2,0,None Noted
17,Illinois,170923,3,0,None Noted
17,Illinois,170923,4,0,None Noted
17,Illinois,170926,2,0,None Noted
17,Illinois,170926,3,0,None Noted
17,Illinois,170940,2,0,None Noted
17,Illinois,170954,2,0,None Noted
17,Illinois,170955,2,0,None Noted
17,Illinois,170957,2,0,None Noted
17,Illinois,170957,3,0,None Noted
17,Illinois,171026,4,0,None Noted
17,Illinois,171026,5,0,None Noted
17,Illinois,171039,2,0,None Noted
17,Illinois,171039,3,0,None Noted
17,Illinois,171050,2,0,None Noted
17,Illinois,171089,2,0,None Noted
17,Illinois,171097,2,0,None Noted
17,Illinois,171097,3,0,None Noted
17,Illinois,171110,4,0,None Noted
17,Illinois,171124,2,0,None Noted
17,Illinois,171143,2,0,None Noted
17,Illinois,171156,2,0,None Noted
17,Illinois,171156,3,0,None Noted
18,Indiana,180002,2,0,None Noted
18,Indiana,180030,1,0,None Noted
18,Indiana,180083,2,0,None Noted
18,Indiana,180111,2,0,None Noted
18,Indiana,180184,2,0,None Noted
18,Indiana,180184,3,0,None Noted
18,Indiana,180193,3,0,None Noted
18,Indiana,180193,4,0,None Noted
18,Indiana,180194,3,0,None Noted
18,Indiana,180394,2,0,None Noted
18,Indiana,180407,2,0,None Noted
18,Indiana,180438,2,0,None Noted
18,Indiana,180458,3,0,None Noted
18,Indiana,180460,2,0,None Noted
18,Indiana,180490,2,0,None Noted
18,Indiana,180498,2,0,None Noted
18,Indiana,180529,2,0,None Noted
18,Indiana,180534,2,0,None Noted
18,Indiana,180591,2,0,None Noted
18,Indiana,180644,2,0,None Noted
18,Indiana,180678,3,0,None Noted
18,Indiana,180718,2,0,None Noted
18,Indiana,180766,2,0,None Noted
18,Indiana,180818,2,0,None Noted
18,Indiana,180912,3,0,None Noted
18,Indiana,180912,4,0,None Noted
19,Iowa,190016,2,0,None Noted
19,Iowa,190016,3,0,None Noted
19,Iowa,190039,2,0,None Noted
19,Iowa,190044,2,0,None Noted
19,Iowa,190274,2,0,None Noted
19,Iowa,190282,2,0,None Noted
19,Iowa,190300,2,0,None Noted
20,Kansas,200003,2,0,None Noted
20,Kansas,200010,2,0,None Noted
20,Kansas,200051,2,0,None Noted
20,Kansas,200203,2,0,None Noted
20,Kansas,200203,3,0,None Noted
20,Kansas,200216,2,0,None Noted
20,Kansas,200272,2,0,None Noted
20,Kansas,200377,2,0,None Noted
20,Kansas,200377,3,0,None Noted
20,Kansas,200390,2,0,None Noted
20,Kansas,200397,2,0,None Noted
21,Kentucky,210016,2,0,None Noted
21,Kentucky,210044,2,0,None Noted
21,Kentucky,210044,10,0,None Noted
21,Kentucky,210048,3,0,None Noted
21,Kentucky,210063,2,0,None Noted
21,Kentucky,210087,3,0,None Noted
21,Kentucky,210128,2,0,None Noted
21,Kentucky,210193,2,0,None Noted
21,Kentucky,210193,3,0,None Noted
21,Kentucky,210297,2,0,None Noted
21,Kentucky,210312,2,0,None Noted
21,Kentucky,210312,3,0,None Noted
21,Kentucky,210322,2,0,None Noted
21,Kentucky,210328,3,0,None Noted
21,Kentucky,210488,2,0,None Noted
21,Kentucky,210498,2,0,None Noted
21,Kentucky,210498,3,0,None Noted
21,Kentucky,210579,5,0,None Noted
21,Kentucky,210579,6,0,None Noted
21,Kentucky,210586,2,0,None Noted
21,Kentucky,210689,2,0,None Noted
22,Louisiana,220032,2,0,None Noted
22,Louisiana,220052,2,0,None Noted
22,Louisiana,220090,2,42,"Other Working Vehicle (Not Construction, Maintenance, Utility, Police, Fire, or EMS Vehicle)"
22,Louisiana,220090,3,42,"Other Working Vehicle (Not Construction, Maintenance, Utility, Police, Fire, or EMS Vehicle)"
22,Louisiana,220131,2,0,None Noted
22,Louisiana,220131,3,0,None Noted
22,Louisiana,220132,4,0,None Noted
22,Louisiana,220132,5,0,None Noted
22,Louisiana,220132,6,0,None Noted
22,Louisiana,220132,7,0,None Noted
22,Louisiana,220218,3,0,None Noted
22,Louisiana,220218,4,0,None Noted
22,Louisiana,220218,5,0,None Noted
22,Louisiana,220295,3,0,None Noted
22,Louisiana,220306,2,0,None Noted
22,Louisiana,220306,3,0,None Noted
22,Louisiana,220345,2,0,None Noted
22,Louisiana,220345,3,42,"Other Working Vehicle (Not Construction, Maintenance, Utility, Police, Fire, or EMS Vehicle)"
22,Louisiana,220367,2,0,None Noted
22,Louisiana,220368,2,0,None Noted
22,Louisiana,220377,3,0,None Noted
22,Louisiana,220428,2,0,None Noted
22,Louisiana,220606,2,0,None Noted
22,Louisiana,220606,3,0,None Noted
22,Louisiana,220606,4,0,None Noted
22,Louisiana,220623,2,0,None Noted
22,Louisiana,220623,3,0,None Noted
22,Louisiana,220657,2,0,None Noted
22,Louisiana,220669,2,0,None Noted
22,Louisiana,220689,2,0,None Noted
22,Louisiana,220712,2,0,None Noted
22,Louisiana,220746,2,0,None Noted
22,Louisiana,220766,2,0,None Noted
22,Louisiana,220822,2,0,None Noted
22,Louisiana,220827,2,0,None Noted
22,Louisiana,220842,2,0,None Noted
23,Maine,230059,2,0,None Noted
23,Maine,230120,2,0,None Noted
24,Maryland,240005,2,0,None Noted
24,Maryland,240045,2,0,None Noted
24,Maryland,240100,2,0,None Noted
24,Maryland,240140,2,0,None Noted
24,Maryland,240140,3,0,None Noted
24,Maryland,240173,2,0,None Noted
24,Maryland,240184,2,0,None Noted
24,Maryland,240184,3,0,None Noted
24,Maryland,240185,2,0,None Noted
24,Maryland,240236,2,0,None Noted
24,Maryland,240236,3,0,None Noted
24,Maryland,240236,4,0,None Noted
24,Maryland,240236,5,0,None Noted
24,Maryland,240253,2,0,None Noted
24,Maryland,240261,3,0,None Noted
24,Maryland,240283,2,0,None Noted
24,Maryland,240283,3,0,None Noted
24,Maryland,240315,2,0,None Noted
24,Maryland,240344,2,0,None Noted
24,Maryland,240350,3,0,None Noted
24,Maryland,240363,2,0,None Noted
24,Maryland,240371,3,0,None Noted
24,Maryland,240371,4,0,None Noted
24,Maryland,240384,2,0,None Noted
24,Maryland,240396,2,0,None Noted
24,Maryland,240429,2,0,None Noted
24,Maryland,240435,2,0,None Noted
24,Maryland,240435,3,0,None Noted
24,Maryland,240472,2,0,None Noted
24,Maryland,240472,3,0,None Noted
24,Maryland,240472,4,0,None Noted
24,Maryland,240529,2,0,None Noted
24,Maryland,240529,3,0,None Noted
24,Maryland,240529,4,0,None Noted
24,Maryland,240533,2,0,None Noted
24,Maryland,240533,4,0,None Noted
24,Maryland,240533,5,0,None Noted
24,Maryland,240534,2,0,None Noted
24,Maryland,240535,2,0,None Noted
25,Massachusetts,250050,2,0,None Noted
25,Massachusetts,250069,1,0,None Noted
25,Massachusetts,250113,3,0,None Noted
25,Massachusetts,250180,2,0,None Noted
25,Massachusetts,250180,3,0,None Noted
25,Massachusetts,250180,4,0,None Noted
25,Massachusetts,250197,3,0,None Noted
25,Massachusetts,250197,4,0,None Noted
25,Massachusetts,250269,2,0,None Noted
25,Massachusetts,250270,2,0,None Noted
25,Massachusetts,250296,2,0,None Noted
25,Massachusetts,250309,2,0,None Noted
25,Massachusetts,250309,3,0,None Noted
25,Massachusetts,250336,2,0,None Noted
25,Massachusetts,250349,2,0,None Noted
25,Massachusetts,250351,3,0,None Noted
25,Massachusetts,250363,4,0,None Noted
25,Massachusetts,250363,5,0,None Noted
26,Michigan,260012,2,0,None Noted
26,Michigan,260046,2,0,None Noted
26,Michigan,260067,2,0,None Noted
26,Michigan,260067,3,0,None Noted
26,Michigan,260069,3,0,None Noted
26,Michigan,260069,4,0,None Noted
26,Michigan,260069,5,0,None Noted
26,Michigan,260126,4,0,None Noted
26,Michigan,260140,3,0,None Noted
26,Michigan,260140,4,0,None Noted
26,Michigan,260140,5,0,None Noted
26,Michigan,260140,6,0,None Noted
26,Michigan,260140,7,0,None Noted
26,Michigan,260140,8,0,None Noted
26,Michigan,260145,2,0,None Noted
26,Michigan,260258,2,0,None Noted
26,Michigan,260262,1,0,None Noted
26,Michigan,260266,2,0,None Noted
26,Michigan,260282,3,0,None Noted
26,Michigan,260296,2,0,None Noted
26,Michigan,260349,2,0,None Noted
26,Michigan,260443,2,0,None Noted
26,Michigan,260443,3,0,None Noted
26,Michigan,260457,3,0,None Noted
26,Michigan,260586,2,0,None Noted
26,Michigan,260586,3,0,None Noted
26,Michigan,260586,4,0,None Noted
26,Michigan,260586,5,0,None Noted
26,Michigan,260611,2,0,None Noted
26,Michigan,260633,2,0,None Noted
26,Michigan,260697,2,0,None Noted
26,Michigan,260732,3,0,None Noted
26,Michigan,260748,2,0,None Noted
26,Michigan,260748,3,0,None Noted
26,Michigan,260753,3,0,None Noted
26,Michigan,260753,4,0,None Noted
26,Michigan,260763,2,0,None Noted
26,Michigan,260763,3,0,None Noted
26,Michigan,260800,2,32,Vehicle Registration for a Person with a Disability
26,Michigan,260819,2,0,None Noted
26,Michigan,260819,3,32,Vehicle Registration for a Person with a Disability
26,Michigan,260855,2,0,None Noted
26,Michigan,260855,3,0,None Noted
26,Michigan,260874,3,0,None Noted
26,Michigan,260874,4,0,None Noted
26,Michigan,260906,2,42,"Other Working Vehicle (Not Construction, Maintenance, Utility, Police, Fire, or EMS Vehicle)"
26,Michigan,260940,3,0,None Noted
26,Michigan,261006,3,0,None Noted
27,Minnesota,270030,2,0,None Noted
27,Minnesota,270047,3,0,None Noted
27,Minnesota,270047,4,0,None Noted
27,Minnesota,270204,2,0,None Noted
27,Minnesota,270204,3,0,None Noted
27,Minnesota,270257,3,0,None Noted
27,Minnesota,270337,2,0,None Noted
27,Minnesota,270337,3,0,None Noted
27,Minnesota,270367,3,0,None Noted
27,Minnesota,270387,2,0,None Noted
27,Minnesota,270402,4,0,None Noted
27,Minnesota,270422,2,0,None Noted
28,Mississippi,280110,2,0,None Noted
28,Mississippi,280135,2,0,None Noted
28,Mississippi,280138,1,0,None Noted
28,Mississippi,280163,2,0,None Noted
28,Mississippi,280217,2,0,None Noted
28,Mississippi,280220,1,0,None Noted
28,Mississippi,280221,3,0,None Noted
28,Mississippi,280240,1,0,None Noted
28,Mississippi,280324,2,0,None Noted
28,Mississippi,280378,2,0,None Noted
28,Mississippi,280443,1,0,None Noted
28,Mississippi,280511,2,0,None Noted
28,Mississippi,280523,2,0,None Noted
28,Mississippi,280539,2,0,None Noted
28,Mississippi,280552,2,0,None Noted
28,Mississippi,280552,3,0,None Noted
28,Mississippi,280608,1,0,None Noted
28,Mississippi,280662,2,0,None Noted
29,Missouri,290025,2,0,None Noted
29,Missouri,290030,3,0,None Noted
29,Missouri,290046,2,39,"Highway Construction, Maintenance, or Utility Vehicle, In Transport (Inside or Outside Workzone)"
29,Missouri,290057,2,0,None Noted
29,Missouri,290229,3,0,None Noted
29,Missouri,290229,4,0,None Noted
29,Missouri,290263,2,0,None Noted
29,Missouri,290303,3,0,None Noted
29,Missouri,290339,2,0,None Noted
29,Missouri,290339,3,0,None Noted
29,Missouri,290352,2,0,None Noted
29,Missouri,290371,2,0,None Noted
29,Missouri,290371,3,0,None Noted
29,Missouri,290432,2,0,None Noted
29,Missouri,290469,2,0,None Noted
29,Missouri,290501,3,0,None Noted
29,Missouri,290590,4,0,None Noted
29,Missouri,290590,5,0,None Noted
29,Missouri,290612,2,0,None Noted
29,Missouri,290612,3,0,None Noted
29,Missouri,290668,2,0,None Noted
29,Missouri,290668,3,0,None Noted
29,Missouri,290706,3,0,None Noted
29,Missouri,290730,2,0,None Noted
29,Missouri,290730,3,0,None Noted
29,Missouri,290730,4,0,None Noted
29,Missouri,290730,5,0,None Noted
29,Missouri,290759,3,0,None Noted
29,Missouri,290759,4,0,None Noted
29,Missouri,290794,2,0,None Noted
29,Missouri,290806,4,0,None Noted
29,Missouri,290806,5,0,None Noted
29,Missouri,290806,6,0,None Noted
29,Missouri,290806,7,0,None Noted
29,Missouri,290846,2,0,None Noted
29,Missouri,290899,3,0,None Noted
29,Missouri,290899,4,0,None Noted
29,Missouri,290927,2,0,None Noted
29,Missouri,290927,3,0,None Noted
29,Missouri,290953,2,0,None Noted
29,Missouri,290970,2,0,None Noted
30,Montana,300006,2,0,None Noted
30,Montana,300073,2,0,None Noted
30,Montana,300143,2,0,None Noted
30,Montana,300143,3,0,None Noted
30,Montana,300168,2,0,None Noted
30,Montana,300168,3,0,None Noted
30,Montana,300168,4,0,None Noted
31,Nebraska,310067,2,0,None Noted
31,Nebraska,310097,2,0,None Noted
32,Nevada,320032,2,0,None Noted
32,Nevada,320032,3,0,None Noted
32,Nevada,320032,4,0,None Noted
32,Nevada,320044,2,0,None Noted
32,Nevada,320048,2,0,None Noted
32,Nevada,320056,2,0,None Noted
32,Nevada,320056,3,0,None Noted
32,Nevada,320065,2,0,None Noted
32,Nevada,320065,3,0,None Noted
32,Nevada,320215,2,0,None Noted
32,Nevada,320223,2,0,None Noted
32,Nevada,320250,2,0,None Noted
32,Nevada,320303,3,0,None Noted
32,Nevada,320361,2,0,None Noted
33,New Hampshire,330021,2,0,None Noted
33,New Hampshire,330041,2,0,None Noted
34,New Jersey,340011,2,0,None Noted
34,New Jersey,340044,4,0,None Noted
34,New Jersey,340044,5,42,"Other Working Vehicle (Not Construction, Maintenance, Utility, Police, Fire, or EMS Vehicle)"
34,New Jersey,340044,6,0,None Noted
34,New Jersey,340062,3,0,None Noted
34,New Jersey,340062,4,0,None Noted
34,New Jersey,340068,1,0,None Noted
34,New Jersey,340142,2,0,None Noted
34,New Jersey,340151,2,0,None Noted
34,New Jersey,340152,2,0,None Noted
34,New Jersey,340163,2,0,None Noted
34,New Jersey,340168,2,0,None Noted
34,New Jersey,340168,3,0,None Noted
34,New Jersey,340210,3,0,None Noted
34,New Jersey,340210,4,0,None Noted
34,New Jersey,340210,5,0,None Noted
34,New Jersey,340214,3,0,None Noted
34,New Jersey,340250,2,0,None Noted
34,New Jersey,340266,2,0,None Noted
34,New Jersey,340315,2,0,None Noted
34,New Jersey,340327,2,0,None Noted
34,New Jersey,340348,2,0,None Noted
34,New Jersey,340371,1,0,None Noted
34,New Jersey,340482,2,0,None Noted
34,New Jersey,340501,3,0,None Noted
34,New Jersey,340538,3,0,None Noted
34,New Jersey,340543,3,0,None Noted
34,New Jersey,340555,2,0,None Noted
34,New Jersey,340558,3,0,None Noted
34,New Jersey,340565,3,0,None Noted
34,New Jersey,340612,3,0,None Noted
34,New Jersey,340612,4,0,None Noted
34,New Jersey,340612,5,0,None Noted
34,New Jersey,340629,3,0,None Noted
34,New Jersey,340629,4,0,None Noted
34,New Jersey,340634,3,0,None Noted
34,New Jersey,340651,2,0,None Noted
35,New Mexico,350011,2,0,None Noted
35,New Mexico,350032,14,0,None Noted
35,New Mexico,350079,2,0,None Noted
35,New Mexico,350131,2,0,None Noted
35,New Mexico,350172,1,0,None Noted
35,New Mexico,350207,2,0,None Noted
35,New Mexico,350207,3,0,None Noted
35,New Mexico,350236,2,0,None Noted
35,New Mexico,350252,2,0,None Noted
35,New Mexico,350278,2,0,None Noted
35,New Mexico,350315,2,0,None Noted
35,New Mexico,350361,2,0,None Noted
35,New Mexico,350361,3,0,None Noted
35,New Mexico,350379,2,0,None Noted
35,New Mexico,350379,3,0,None Noted
36,New York,360015,2,0,None Noted
36,New York,360022,1,0,None Noted
36,New York,360052,1,0,None Noted
36,New York,360060,2,0,None Noted
36,New York,360078,2,0,None Noted
36,New York,360078,3,0,None Noted
36,New York,360102,2,0,None Noted
36,New York,360125,2,0,None Noted
36,New York,360150,2,0,None Noted
36,New York,360182,2,0,None Noted
36,New York,360188,2,0,None Noted
36,New York,360188,3,0,None Noted
36,New York,360188,4,0,None Noted
36,New York,360188,5,0,None Noted
36,New York,360221,2,0,None Noted
36,New York,360242,2,0,None Noted
36,New York,360242,3,0,None Noted
36,New York,360242,4,0,None Noted
36,New York,360242,5,0,None Noted
36,New York,360295,3,0,None Noted
36,New York,360302,2,0,None Noted
36,New York,360302,3,0,None Noted
36,New York,360302,4,0,None Noted
36,New York,360302,5,0,None Noted
36,New York,360309,3,0,None Noted
36,New York,360309,4,0,None Noted
36,New York,360315,3,0,None Noted
36,New York,360333,2,0,None Noted
36,New York,360338,3,0,None Noted
36,New York,360338,4,0,None Noted
36,New York,360338,5,0,None Noted
36,New York,360365,2,0,None Noted
36,New York,360365,3,0,None Noted
36,New York,360413,3,0,None Noted
36,New York,360413,4,0,None Noted
36,New York,360431,2,0,None Noted
36,New York,360431,3,0,None Noted
36,New York,360433,2,0,None Noted
36,New York,360433,3,0,None Noted
36,New York,360443,2,0,None Noted
36,New York,360459,3,0,None Noted
36,New York,360470,2,0,None Noted
36,New York,360499,3,0,None Noted
36,New York,360546,3,0,None Noted
36,New York,360546,4,0,None Noted
36,New York,360564,2,0,None Noted
36,New York,360565,2,0,None Noted
36,New York,360569,3,0,None Noted
36,New York,360569,4,0,None Noted
36,New York,360569,5,0,None Noted
36,New York,360616,3,0,None Noted
36,New York,360618,2,0,None Noted
36,New York,360630,2,0,None Noted
36,New York,360645,2,0,None Noted
36,New York,360742,2,0,None Noted
36,New York,360751,2,0,None Noted
36,New York,360763,3,0,None Noted
36,New York,360779,3,0,None Noted
36,New York,360779,4,42,"Other Working Vehicle (Not Construction, Maintenance, Utility, Police, Fire, or EMS Vehicle)"
36,New York,360807,2,0,None Noted
36,New York,360807,3,0,None Noted
36,New York,360869,2,0,None Noted
36,New York,360883,2,0,None Noted
36,New York,360921,2,0,None Noted
36,New York,360930,3,0,None Noted
36,New York,360930,4,0,None Noted
36,New York,360930,5,0,None Noted
36,New York,360958,2,0,None Noted
36,New York,360979,2,0,None Noted
36,New York,360982,2,0,None Noted
36,New York,360982,3,0,None Noted
36,New York,360982,4,0,None Noted
36,New York,360982,5,0,None Noted
36,New York,360982,6,0,None Noted
36,New York,360982,7,0,None Noted
36,New York,360982,8,0,None Noted
36,New York,360982,9,0,None Noted
36,New York,360982,10,0,None Noted
36,New York,360982,11,0,None Noted
36,New York,361014,2,0,None Noted
36,New York,361036,2,0,None Noted
36,New York,361036,3,0,None Noted
36,New York,361052,3,0,None Noted
36,New York,361068,2,0,None Noted
36,New York,361153,2,0,None Noted
36,New York,361163,2,0,None Noted
36,New York,361163,3,0,None Noted
36,New York,361163,4,0,None Noted
37,North Carolina,370070,1,0,None Noted
37,North Carolina,370214,2,0,None Noted
37,North Carolina,370214,3,0,None Noted
37,North Carolina,370320,2,0,None Noted
37,North Carolina,370320,3,0,None Noted
37,North Carolina,370322,3,0,None Noted
37,North Carolina,370396,2,0,None Noted
37,North Carolina,370396,3,0,None Noted
37,North Carolina,370396,4,0,None Noted
37,North Carolina,370396,5,0,None Noted
37,North Carolina,370396,6,0,None Noted
37,North Carolina,370404,3,0,None Noted
37,North Carolina,370495,3,0,None Noted
37,North Carolina,370515,2,0,None Noted
37,North Carolina,370519,2,0,None Noted
37,North Carolina,370538,2,0,None Noted
37,North Carolina,370561,1,0,None Noted
37,North Carolina,370748,2,0,None Noted
37,North Carolina,370787,1,0,None Noted
37,North Carolina,370832,2,0,None Noted
37,North Carolina,370832,3,0,None Noted
37,North Carolina,370833,1,0,None Noted
37,North Carolina,370873,2,0,None Noted
37,North Carolina,370989,2,0,None Noted
37,North Carolina,371057,2,0,None Noted
37,North Carolina,371084,3,0,None Noted
37,North Carolina,371145,2,0,None Noted
37,North Carolina,371145,3,0,None Noted
37,North Carolina,371145,4,0,None Noted
37,North Carolina,371357,2,0,None Noted
37,North Carolina,371413,2,0,None Noted
37,North Carolina,371413,3,0,None Noted
37,North Carolina,371435,2,0,None Noted
37,North Carolina,371453,2,0,None Noted
37,North Carolina,371488,2,0,None Noted
37,North Carolina,371520,2,0,None Noted
37,North Carolina,371545,2,0,None Noted
37,North Carolina,371545,3,0,None Noted
38,North Dakota,380025,2,0,None Noted
39,Ohio,390012,2,0,None Noted
39,Ohio,390012,3,0,None Noted
39,Ohio,390035,2,0,None Noted
39,Ohio,390065,2,0,None Noted
39,Ohio,390098,2,0,None Noted
39,Ohio,390108,2,0,None Noted
39,Ohio,390113,2,0,None Noted
39,Ohio,390113,3,0,None Noted
39,Ohio,390117,2,0,None Noted
39,Ohio,390117,3,0,None Noted
39,Ohio,390117,4,0,None Noted
39,Ohio,390117,5,0,None Noted
39,Ohio,390179,2,0,None Noted
39,Ohio,390179,3,0,None Noted
39,Ohio,390179,4,0,None Noted
39,Ohio,390179,5,0,None Noted
39,Ohio,390179,6,0,None Noted
39,Ohio,390179,7,0,None Noted
39,Ohio,390179,8,0,None Noted
39,Ohio,390179,9,0,None Noted
39,Ohio,390179,10,0,None Noted
39,Ohio,390179,11,0,None Noted
39,Ohio,390188,2,0,None Noted
39,Ohio,390241,2,41,"Police, Fire, or EMS Vehicle Working at the Scene of an Emergency or Performing Other Traffic Control Activities"
39,Ohio,390241,3,41,"Police, Fire, or EMS Vehicle Working at the Scene of an Emergency or Performing Other Traffic Control Activities"
39,Ohio,390241,4,0,None Noted
39,Ohio,390253,3,0,None Noted
39,Ohio,390253,4,0,None Noted
39,Ohio,390258,2,0,None Noted
39,Ohio,390260,2,0,None Noted
39,Ohio,390260,3,0,None Noted
39,Ohio,390271,2,0,None Noted
39,Ohio,390278,2,0,None Noted
39,Ohio,390373,2,0,None Noted
39,Ohio,390419,2,0,None Noted
39,Ohio,390475,2,0,None Noted
39,Ohio,390478,2,42,"Other Working Vehicle (Not Construction, Maintenance, Utility, Police, Fire, or EMS Vehicle)"
39,Ohio,390520,2,0,None Noted
39,Ohio,390661,2,0,None Noted
39,Ohio,390712,2,0,None Noted
39,Ohio,390748,2,0,None Noted
39,Ohio,390772,2,0,None Noted
39,Ohio,390774,2,0,None Noted
39,Ohio,390774,3,0,None Noted
39,Ohio,390787,2,0,None Noted
39,Ohio,390798,2,0,None Noted
39,Ohio,390971,2,0,None Noted
39,Ohio,390971,3,0,None Noted
39,Ohio,390977,2,0,None Noted
39,Ohio,390977,3,0,None Noted
39,Ohio,390979,2,0,None Noted
39,Ohio,391047,2,0,None Noted
39,Ohio,391088,3,0,None Noted
39,Ohio,391115,1,0,None Noted
39,Ohio,391144,2,0,None Noted
39,Ohio,391190,1,0,None Noted
40,Oklahoma,400030,3,0,None Noted
40,Oklahoma,400045,3,0,None Noted
40,Oklahoma,400079,2,0,None Noted
40,Oklahoma,400187,1,0,None Noted
40,Oklahoma,400203,2,0,None Noted
40,Oklahoma,400236,2,0,None Noted
40,Oklahoma,400241,2,0,None Noted
40,Oklahoma,400265,3,0,None Noted
40,Oklahoma,400374,2,0,None Noted
40,Oklahoma,400421,2,0,None Noted
40,Oklahoma,400505,2,0,None Noted
40,Oklahoma,400517,2,42,"Other Working Vehicle (Not Construction, Maintenance, Utility, Police, Fire, or EMS Vehicle)"
40,Oklahoma,400517,3,0,None Noted
40,Oklahoma,400537,2,0,None Noted
40,Oklahoma,400611,3,0,None Noted
40,Oklahoma,400611,4,0,None Noted
40,Oklahoma,400611,5,0,None Noted
40,Oklahoma,400611,6,0,None Noted
40,Oklahoma,400629,2,0,None Noted
41,Oregon,410045,2,0,None Noted
41,Oregon,410260,2,0,None Noted
41,Oregon,410260,3,0,None Noted
41,Oregon,410265,2,0,None Noted
41,Oregon,410265,3,0,None Noted
41,Oregon,410265,4,0,None Noted
41,Oregon,410274,2,0,None Noted
41,Oregon,410428,2,0,None Noted
41,Oregon,410454,2,0,None Noted
41,Oregon,410463,2,0,None Noted
41,Oregon,410496,2,0,None Noted
41,Oregon,410496,3,0,None Noted
41,Oregon,410515,3,0,None Noted
41,Oregon,410542,2,0,None Noted
41,Oregon,410545,2,0,None Noted
41,Oregon,410565,2,0,None Noted
42,Pennsylvania,420002,2,0,None Noted
42,Pennsylvania,420065,2,0,None Noted
42,Pennsylvania,420072,2,41,"Police, Fire, or EMS Vehicle Working at the Scene of an Emergency or Performing Other Traffic Control Activities"
42,Pennsylvania,420073,2,0,None Noted
42,Pennsylvania,420086,2,0,None Noted
42,Pennsylvania,420086,3,0,None Noted
42,Pennsylvania,420086,4,0,None Noted
42,Pennsylvania,420087,3,0,None Noted
42,Pennsylvania,420116,2,0,None Noted
42,Pennsylvania,420141,2,0,None Noted
42,Pennsylvania,420141,3,0,None Noted
42,Pennsylvania,420160,2,0,None Noted
42,Pennsylvania,420160,3,0,None Noted
42,Pennsylvania,420178,2,0,None Noted
42,Pennsylvania,420178,3,0,None Noted
42,Pennsylvania,420199,2,42,"Other Working Vehicle (Not Construction, Maintenance, Utility, Police, Fire, or EMS Vehicle)"
42,Pennsylvania,420211,2,0,None Noted
42,Pennsylvania,420259,3,0,None Noted
42,Pennsylvania,420291,2,0,None Noted
42,Pennsylvania,420308,2,0,None Noted
42,Pennsylvania,420343,2,0,None Noted
42,Pennsylvania,420343,3,0,None Noted
42,Pennsylvania,420349,3,0,None Noted
42,Pennsylvania,420354,3,0,None Noted
42,Pennsylvania,420373,2,0,None Noted
42,Pennsylvania,420377,2,0,None Noted
42,Pennsylvania,420377,3,0,None Noted
42,Pennsylvania,420404,2,0,None Noted
42,Pennsylvania,420406,2,0,None Noted
42,Pennsylvania,420409,2,0,None Noted
42,Pennsylvania,420412,2,0,None Noted
42,Pennsylvania,420412,3,0,None Noted
42,Pennsylvania,420412,4,0,None Noted
42,Pennsylvania,420414,2,0,None Noted
42,Pennsylvania,420467,2,0,None Noted
42,Pennsylvania,420480,3,0,None Noted
42,Pennsylvania,420481,3,0,None Noted
42,Pennsylvania,420481,4,0,None Noted
42,Pennsylvania,420481,5,0,None Noted
42,Pennsylvania,420481,6,0,None Noted
42,Pennsylvania,420498,3,0,None Noted
42,Pennsylvania,420498,4,0,None Noted
42,Pennsylvania,420498,5,0,None Noted
42,Pennsylvania,420498,6,0,None Noted
42,Pennsylvania,420529,2,0,None Noted
42,Pennsylvania,420533,3,0,None Noted
42,Pennsylvania,420533,4,0,None Noted
42,Pennsylvania,420533,5,0,None Noted
42,Pennsylvania,420548,2,0,None Noted
42,Pennsylvania,420549,2,0,None Noted
42,Pennsylvania,420581,3,0,None Noted
42,Pennsylvania,420581,4,0,None Noted
42,Pennsylvania,420581,5,0,None Noted
42,Pennsylvania,420600,2,0,None Noted
42,Pennsylvania,420600,3,0,None Noted
42,Pennsylvania,420600,4,0,None Noted
42,Pennsylvania,420600,5,0,None Noted
42,Pennsylvania,420601,2,0,None Noted
42,Pennsylvania,420601,3,0,None Noted
42,Pennsylvania,420620,3,0,None Noted
42,Pennsylvania,420630,2,0,None Noted
42,Pennsylvania,420673,2,0,None Noted
42,Pennsylvania,420675,2,0,None Noted
42,Pennsylvania,420716,1,0,None Noted
42,Pennsylvania,420739,2,0,None Noted
42,Pennsylvania,420739,3,0,None Noted
42,Pennsylvania,420749,2,0,None Noted
42,Pennsylvania,420759,2,0,None Noted
42,Pennsylvania,420759,3,0,None Noted
42,Pennsylvania,420759,4,0,None Noted
42,Pennsylvania,420759,5,0,None Noted
42,Pennsylvania,420759,6,0,None Noted
42,Pennsylvania,420771,3,0,None Noted
42,Pennsylvania,420774,3,0,None Noted
42,Pennsylvania,420775,2,0,None Noted
42,Pennsylvania,420780,3,0,None Noted
42,Pennsylvania,420786,3,0,None Noted
42,Pennsylvania,420805,2,0,None Noted
42,Pennsylvania,420805,3,0,None Noted
42,Pennsylvania,420805,4,0,None Noted
42,Pennsylvania,420809,2,0,None Noted
42,Pennsylvania,420848,2,0,None Noted
42,Pennsylvania,420911,2,0,None Noted
42,Pennsylvania,420943,2,0,None Noted
42,Pennsylvania,420979,2,0,None Noted
42,Pennsylvania,420985,2,0,None Noted
42,Pennsylvania,421082,3,0,None Noted
45,South Carolina,450162,1,0,None Noted
45,South Carolina,450166,2,0,None Noted
45,South Carolina,450217,1,0,None Noted
45,South Carolina,450233,2,0,None Noted
45,South Carolina,450284,1,0,None Noted
45,South Carolina,450318,2,0,None Noted
45,South Carolina,450490,1,0,None Noted
45,South Carolina,450540,2,0,None Noted
45,South Carolina,450677,3,0,None Noted
45,South Carolina,450782,2,0,None Noted
45,South Carolina,450874,1,0,None Noted
45,South Carolina,450927,1,0,None Noted
45,South Carolina,450949,2,0,None Noted
45,South Carolina,450964,1,0,None Noted
45,South Carolina,450998,3,0,None Noted
45,South Carolina,450998,4,0,None Noted
45,South Carolina,450998,5,0,None Noted
45,South Carolina,450998,6,0,None Noted
45,South Carolina,451009,2,0,None Noted
45,South Carolina,451014,2,0,None Noted
47,Tennessee,470047,2,0,None Noted
47,Tennessee,470066,1,0,None Noted
47,Tennessee,470077,3,0,None Noted
47,Tennessee,470148,2,0,None Noted
47,Tennessee,470162,1,0,None Noted
47,Tennessee,470162,3,0,None Noted
47,Tennessee,470202,3,0,None Noted
47,Tennessee,470202,4,0,None Noted
47,Tennessee,470210,2,0,None Noted
47,Tennessee,470227,2,0,None Noted
47,Tennessee,470259,2,0,None Noted
47,Tennessee,470288,2,0,None Noted
47,Tennessee,470363,2,0,None Noted
47,Tennessee,470374,2,0,None Noted
47,Tennessee,470402,3,0,None Noted
47,Tennessee,470471,2,0,None Noted
47,Tennessee,470513,2,0,None Noted
47,Tennessee,470523,3,0,None Noted
47,Tennessee,470620,1,0,None Noted
47,Tennessee,470656,2,0,None Noted
47,Tennessee,470704,2,0,None Noted
47,Tennessee,470705,2,0,None Noted
47,Tennessee,470705,3,0,None Noted
47,Tennessee,470705,4,0,None Noted
47,Tennessee,470735,2,0,None Noted
47,Tennessee,470735,3,32,Vehicle Registration for a Person with a Disability
47,Tennessee,470808,1,0,None Noted
47,Tennessee,470826,2,0,None Noted
47,Tennessee,470851,3,0,None Noted
47,Tennessee,470877,1,0,None Noted
47,Tennessee,470894,2,0,None Noted
47,Tennessee,470894,3,0,None Noted
47,Tennessee,471074,2,0,None Noted
47,Tennessee,471074,3,0,None Noted
47,Tennessee,471120,2,0,None Noted
47,Tennessee,471134,1,0,None Noted
47,Tennessee,471138,2,0,None Noted
47,Tennessee,471168,2,0,None Noted
47,Tennessee,471187,1,0,None Noted
47,Tennessee,471231,2,0,None Noted
47,Tennessee,471272,2,0,None Noted
47,Tennessee,471272,3,0,None Noted
47,Tennessee,471272,4,0,None Noted
47,Tennessee,471272,5,0,None Noted
47,Tennessee,471272,6,0,None Noted
48,Texas,480018,2,0,None Noted
48,Texas,480018,3,0,None Noted
48,Texas,480048,2,0,None Noted
48,Texas,480048,3,0,None Noted
48,Texas,480067,2,0,None Noted
48,Texas,480085,2,0,None Noted
48,Texas,480216,5,0,None Noted
48,Texas,480216,6,0,None Noted
48,Texas,480216,7,0,None Noted
48,Texas,480216,8,0,None Noted
48,Texas,480252,2,0,None Noted
48,Texas,480252,3,0,None Noted
48,Texas,480253,2,0,None Noted
48,Texas,480296,2,0,None Noted
48,Texas,480310,2,0,None Noted
48,Texas,480315,2,0,None Noted
48,Texas,480335,2,0,None Noted
48,Texas,480335,3,0,None Noted
48,Texas,480335,4,0,None Noted
48,Texas,480335,5,0,None Noted
48,Texas,480335,6,0,None Noted
48,Texas,480461,2,0,None Noted
48,Texas,480478,3,0,None Noted
48,Texas,480478,4,0,None Noted
48,Texas,480513,4,0,None Noted
48,Texas,480527,3,0,None Noted
48,Texas,480527,4,0,None Noted
48,Texas,480527,5,0,None Noted
48,Texas,480541,2,0,None Noted
48,Texas,480541,3,0,None Noted
48,Texas,480619,2,0,None Noted
48,Texas,480641,2,0,None Noted
48,Texas,480776,2,0,None Noted
48,Texas,480810,2,0,None Noted
48,Texas,480816,2,0,None Noted
48,Texas,480866,3,0,None Noted
48,Texas,480900,2,0,None Noted
48,Texas,480910,2,0,None Noted
48,Texas,480961,2,0,None Noted
48,Texas,481016,2,0,None Noted
48,Texas,481089,3,0,None Noted
48,Texas,481089,4,0,None Noted
48,Texas,481089,5,0,None Noted
48,Texas,481089,6,0,None Noted
48,Texas,481107,2,0,None Noted
48,Texas,481133,2,0,None Noted
48,Texas,481133,3,0,None Noted
48,Texas,481152,4,0,None Noted
48,Texas,481205,3,0,None Noted
48,Texas,481327,2,0,None Noted
48,Texas,481328,2,0,None Noted
48,Texas,481447,3,0,None Noted
48,Texas,481512,2,0,None Noted
48,Texas,481535,3,0,None Noted
48,Texas,481537,2,0,None Noted
48,Texas,481558,3,0,None Noted
48,Texas,481558,4,0,None Noted
48,Texas,481558,5,0,None Noted
48,Texas,481644,3,0,None Noted
48,Texas,481650,2,0,None Noted
48,Texas,481655,2,0,None Noted
48,Texas,481655,3,0,None Noted
48,Texas,481718,2,0,None Noted
48,Texas,481774,2,0,None Noted
48,Texas,481774,3,0,None Noted
48,Texas,481806,2,0,None Noted
48,Texas,481884,2,0,None Noted
48,Texas,481919,2,0,None Noted
48,Texas,481935,2,0,None Noted
48,Texas,481947,2,0,None Noted
48,Texas,481950,2,0,None Noted
48,Texas,481952,2,0,None Noted
48,Texas,481971,2,0,None Noted
48,Texas,482002,2,0,None Noted
48,Texas,482012,2,0,None Noted
48,Texas,482078,2,0,None Noted
48,Texas,482084,2,0,None Noted
48,Texas,482103,3,0,None Noted
48,Texas,482103,4,0,None Noted
48,Texas,482103,5,0,None Noted
48,Texas,482113,2,0,None Noted
48,Texas,482121,2,0,None Noted
48,Texas,482168,2,0,None Noted
48,Texas,482223,4,0,None Noted
48,Texas,482241,3,0,None Noted
48,Texas,482274,3,0,None Noted
48,Texas,482274,4,0,None Noted
48,Texas,482307,2,0,None Noted
48,Texas,482307,3,0,None Noted
48,Texas,482319,2,0,None Noted
48,Texas,482364,3,0,None Noted
48,Texas,482413,3,0,None Noted
48,Texas,482463,2,0,None Noted
48,Texas,482476,2,0,None Noted
48,Texas,482476,3,0,None Noted
48,Texas,482514,2,0,None Noted
48,Texas,482538,2,0,None Noted
48,Texas,482546,3,0,None Noted
48,Texas,482585,2,0,None Noted
48,Texas,482625,2,0,None Noted
48,Texas,482690,2,0,None Noted
48,Texas,482811,2,0,None Noted
48,Texas,482841,4,0,None Noted
48,Texas,482889,2,0,None Noted
48,Texas,482889,3,0,None Noted
48,Texas,482918,2,0,None Noted
48,Texas,482933,2,0,None Noted
48,Texas,482968,2,0,None Noted
48,Texas,482981,2,0,None Noted
48,Texas,483088,2,0,None Noted
48,Texas,483107,2,0,None Noted
48,Texas,483107,3,0,None Noted
48,Texas,483109,2,0,None Noted
48,Texas,483109,3,0,None Noted
48,Texas,483126,2,0,None Noted
48,Texas,483145,2,0,None Noted
48,Texas,483161,2,0,None Noted
48,Texas,483216,3,0,None Noted
48,Texas,483223,2,0,None Noted
48,Texas,483223,3,42,"Other Working Vehicle (Not Construction, Maintenance, Utility, Police, Fire, or EMS Vehicle)"
48,Texas,483253,2,0,None Noted
48,Texas,483256,2,0,None Noted
48,Texas,483260,2,0,None Noted
48,Texas,483321,2,0,None Noted
48,Texas,483347,2,0,None Noted
48,Texas,483442,3,0,None Noted
48,Texas,483491,2,0,None Noted
48,Texas,483493,2,0,None Noted
48,Texas,483532,2,0,None Noted
48,Texas,483553,2,0,None Noted
48,Texas,483553,3,0,None Noted
48,Texas,483574,3,0,None Noted
48,Texas,483574,4,0,None Noted
48,Texas,483574,5,0,None Noted
48,Texas,483574,6,0,None Noted
48,Texas,483574,7,0,None Noted
48,Texas,483574,8,0,None Noted
48,Texas,483712,2,0,None Noted
48,Texas,483749,2,0,None Noted
48,Texas,483834,2,42,"Other Working Vehicle (Not Construction, Maintenance, Utility, Police, Fire, or EMS Vehicle)"
48,Texas,483845,2,0,None Noted
48,Texas,483860,2,0,None Noted
48,Texas,483863,2,0,None Noted
48,Texas,483878,2,0,None Noted
48,Texas,483905,2,0,None Noted
48,Texas,483914,2,0,None Noted
48,Texas,483933,2,0,None Noted
48,Texas,483933,3,0,None Noted
48,Texas,483933,4,0,None Noted
48,Texas,483933,5,0,None Noted
48,Texas,483933,6,0,None Noted
48,Texas,483933,7,0,None Noted
48,Texas,483933,8,0,None Noted
48,Texas,483933,9,0,None Noted
48,Texas,483933,10,0,None Noted
48,Texas,483933,11,0,None Noted
48,Texas,484095,3,0,None Noted
49,Utah,490005,3,0,None Noted
49,Utah,490017,2,0,None Noted
49,Utah,490052,2,0,None Noted
49,Utah,490141,2,0,None Noted
49,Utah,490141,3,0,None Noted
49,Utah,490162,2,0,None Noted
49,Utah,490175,2,0,None Noted
49,Utah,490198,2,0,None Noted
49,Utah,490198,3,0,None Noted
49,Utah,490236,2,0,None Noted
49,Utah,490236,3,0,None Noted
49,Utah,490300,2,0,None Noted
49,Utah,490304,2,0,None Noted
49,Utah,490304,3,0,None Noted
49,Utah,490304,4,0,None Noted
50,Vermont,500006,3,0,None Noted
50,Vermont,500006,4,0,None Noted
51,Virginia,510046,2,0,None Noted
51,Virginia,510079,2,0,None Noted
51,Virginia,510093,3,0,None Noted
51,Virginia,510093,4,0,None Noted
51,Virginia,510183,2,0,None Noted
51,Virginia,510183,3,0,None Noted
51,Virginia,510183,4,0,None Noted
51,Virginia,510199,2,0,None Noted
51,Virginia,510283,2,0,None Noted
51,Virginia,510315,2,0,None Noted
51,Virginia,510325,2,0,None Noted
51,Virginia,510368,2,0,None Noted
51,Virginia,510368,3,0,None Noted
51,Virginia,510368,4,0,None Noted
51,Virginia,510398,3,0,None Noted
51,Virginia,510412,2,0,None Noted
51,Virginia,510476,3,0,None Noted
51,Virginia,510488,2,0,None Noted
51,Virginia,510561,2,0,None Noted
51,Virginia,510561,3,0,None Noted
51,Virginia,510561,4,0,None Noted
51,Virginia,510569,3,0,None Noted
51,Virginia,510580,3,0,None Noted
51,Virginia,510601,3,0,None Noted
51,Virginia,510682,2,0,None Noted
51,Virginia,510694,3,0,None Noted
51,Virginia,510742,2,0,None Noted
51,Virginia,510768,2,0,None Noted
51,Virginia,510768,3,0,None Noted
51,Virginia,510778,2,0,None Noted
51,Virginia,510835,4,0,None Noted
51,Virginia,510839,2,0,None Noted
51,Virginia,510848,2,0,None Noted
51,Virginia,510848,3,0,None Noted
51,Virginia,510886,2,0,None Noted
51,Virginia,510900,2,0,None Noted
51,Virginia,510902,2,0,None Noted
51,Virginia,510906,2,0,None Noted
51,Virginia,510959,2,0,None Noted
53,Washington,530057,2,0,None Noted
53,Washington,530057,3,0,None Noted
53,Washington,530076,2,0,None Noted
53,Washington,530097,2,0,None Noted
53,Washington,530097,3,0,None Noted
53,Washington,530097,4,0,None Noted
53,Washington,530111,2,0,None Noted
53,Washington,530136,2,0,None Noted
53,Washington,530164,2,0,None Noted
53,Washington,530197,2,0,None Noted
53,Washington,530225,2,0,None Noted
53,Washington,530286,2,0,None Noted
53,Washington,530286,3,0,None Noted
53,Washington,530290,2,0,None Noted
53,Washington,530301,3,0,None Noted
53,Washington,530301,4,0,None Noted
53,Washington,530349,2,0,None Noted
53,Washington,530412,3,0,None Noted
53,Washington,530412,4,0,None Noted
53,Washington,530442,3,0,None Noted
53,Washington,530446,2,0,None Noted
53,Washington,530448,2,0,None Noted
53,Washington,530600,2,0,None Noted
53,Washington,530628,3,0,None Noted
53,Washington,530666,3,0,None Noted
53,Washington,530668,2,0,None Noted
53,Washington,530668,3,0,None Noted
53,Washington,530668,4,0,None Noted
53,Washington,530674,3,0,None Noted
53,Washington,530684,2,0,None Noted
53,Washington,530711,2,0,None Noted
53,Washington,530727,2,0,None Noted
53,Washington,530727,3,0,None Noted
53,Washington,530727,4,0,None Noted
53,Washington,530727,5,0,None Noted
53,Washington,530727,6,0,None Noted
53,Washington,530727,7,0,None Noted
53,Washington,530727,8,0,None Noted
54,West Virginia,540006,2,0,None Noted
54,West Virginia,540053,2,0,None Noted
54,West Virginia,540053,3,0,None Noted
54,West Virginia,540075,2,0,None Noted
54,West Virginia,540075,3,0,None Noted
54,West Virginia,540075,4,0,None Noted
54,West Virginia,540090,2,0,None Noted
54,West Virginia,540101,2,0,None Noted
54,West Virginia,540182,2,0,None Noted
54,West Virginia,540195,2,0,None Noted
54,West Virginia,540228,4,0,None Noted
54,West Virginia,540228,5,0,None Noted
54,West Virginia,540240,2,0,None Noted
54,West Virginia,540240,3,0,None Noted
54,West Virginia,540247,3,0,None Noted
54,West Virginia,540247,4,0,None Noted
54,West Virginia,540252,3,0,None Noted
55,Wisconsin,550179,3,0,None Noted
55,Wisconsin,550240,2,0,None Noted
55,Wisconsin,550291,2,0,None Noted
55,Wisconsin,550320,2,0,None Noted
55,Wisconsin,550321,2,0,None Noted
55,Wisconsin,550375,2,0,None Noted
55,Wisconsin,550375,3,0,None Noted
55,Wisconsin,550416,2,0,None Noted
55,Wisconsin,550472,2,0,None Noted
55,Wisconsin,550492,2,0,None Noted
55,Wisconsin,550545,3,0,None Noted
55,Wisconsin,550554,3,0,None Noted
55,Wisconsin,550554,4,0,None Noted
55,Wisconsin,550554,5,0,None Noted
55,Wisconsin,550554,6,0,None Noted
56,Wyoming,560076,2,0,None Noted
56,Wyoming,560113,2,0,None Noted
